問題編號,問題,答案編號,詳細答案,回答編號,回答內容
Q1,寵物生病的症狀有哪些？,A1,"寵物生病的常見症狀包括：

1. 食慾不振或完全拒食
2. 精神萎靡、活動力下降  
3. 嘔吐或腹瀉
4. 體溫異常（發燒或體溫過低）
5. 呼吸困難或異常喘息
6. 眼鼻分泌物增加
7. 皮膚出現紅腫、搔癢或脫毛
8. 排尿困難或尿液顏色異常
9. 行動不便或跛行
10. 異常的聲音（如持續哀號）
11. 牙齦蒼白或黃疸
12. 體重急劇下降
13. 異常的行為改變
14. 持續的咳嗽或打噴嚏
15. 腹部腫脹

注意事項：
• 出現多個症狀時應立即就醫
• 幼齡和老年寵物需特別留意
• 症狀持續超過24小時建議就醫",,
Q2,如何幫寵物洗澡？,A2,"正確的寵物洗澡步驟：

準備階段：
1. 選擇適當的洗毛精（寵物專用）
2. 準備溫水（約38-40°C）
3. 備好吸水毛巾和吹風機
4. 洗澡前先梳理毛髮

洗澡步驟：
1. 先用溫水沖濕寵物身體
2. 避免水進入耳朵和眼睛
3. 均勻塗抹洗毛精並輕柔按摩
4. 徹底沖洗乾淨，不留殘留
5. 用毛巾擦乾多餘水分
6. 用吹風機完全吹乾毛髮

洗澡頻率：
• 狗狗：每1-2個月一次
• 貓咪：通常不需要經常洗澡

注意事項：
• 幼齡、生病或剛打疫苗的寵物避免洗澡
• 使用寵物專用產品
• 確保環境溫暖，避免感冒",,
Q3,寵物疫苗接種時間表？,A3,"寵物疫苗接種建議時程：

幼犬疫苗計劃：
• 6-8週：第一次疫苗
• 10-12週：第二次疫苗
• 14-16週：第三次疫苗
• 16週以上：狂犬病疫苗

幼貓疫苗計劃：
• 8-10週：第一次疫苗
• 12-14週：第二次疫苗
• 16週以上：狂犬病疫苗

注意事項：
• 疫苗前確保寵物健康
• 避免在疫苗期間洗澡
• 建立完整的疫苗記錄",,
Q4,寵物飲食注意事項？,A4,"寵物飲食的重要原則：

基本原則：
1. 選擇適合年齡的優質飼料
2. 定時定量餵食
3. 提供充足乾淨的飲水
4. 避免餵食人類食物

有毒食物（絕對禁止）：
• 巧克力、咖啡
• 洋蔥、大蒜、韭菜
• 葡萄、葡萄乾
• 酪梨

注意事項：
• 更換飼料需漸進式轉換
• 保持食碗和水碗清潔",,
Q5,如何訓練寵物？,A5,"有效的寵物訓練方法：

基本原則：
1. 正向強化（獎勵好行為）
2. 一致性（全家人用相同指令）
3. 耐心和持續性

基礎指令：
• 坐下（SIT）
• 等待（STAY）  
• 過來（COME）
• 不行（NO）

訓練技巧：
• 使用高價值獎勵
• 每次訓練10-15分鐘
• 避免處罰，專注於正向引導",,
Q6,如何在社群中按讚和留言？,,,A6,"在毛日好社群中進行互動的步驟：

按讚功能：
1. 在社群動態頁面瀏覽貼文
2. 點擊貼文下方的愛心圖示 ❤️ 即可按讚
3. 再次點擊可以取消按讚
4. 按讚數會即時更新顯示

留言功能：
1. 點擊貼文下方的留言圖示 💬
2. 在留言輸入框中寫下你的想法
3. 點擊「發送」按鈕提交留言
4. 也可以使用 Ctrl+Enter 快速發送留言
5. 可以對其他人的留言按讚

注意事項：
• 需要登入會員才能按讚和留言
• 請保持友善的互動環境
• 可以隨時刪除自己的留言"
Q7,社群功能有哪些？,,,A7,"毛日好社群提供以下功能：

發文功能：
1. 分享寵物照片和生活動態
2. 撰寫寵物照護心得
3. 發布寵物相關問題求助

互動功能：
1. 按讚：對喜歡的貼文按讚支持
2. 留言：與其他寵物家長交流討論
3. 分享：將實用內容分享給朋友

瀏覽功能：
1. 瀏覽其他用戶的寵物動態
2. 搜尋特定主題的貼文
3. 查看熱門貼文排行

個人檔案：
1. 編輯個人資料和寵物資訊
2. 查看自己的發文記錄
3. 管理追蹤和粉絲

注意事項：
• 所有功能都需要註冊登入
• 遵守社群守則，維護友善環境"
Q8,如何發布寵物動態貼文？,,,A8,"發布寵物動態貼文的步驟：

發文步驟：
1. 進入「毛日好社群」頁面
2. 在發文區域點擊「分享你的想法...」
3. 輸入想要分享的內容
4. 可以上傳寵物照片或影片
5. 選擇適當的標籤分類
6. 點擊「發布」按鈕完成

內容建議：
• 分享寵物可愛瞬間
• 記錄寵物成長過程  
• 分享照護心得和經驗
• 提問寵物相關疑問
• 推薦好用的寵物用品

發文技巧：
1. 加上相關標籤提高曝光
2. 搭配清楚的照片更吸引人
3. 內容真實有趣容易引起共鳴

注意事項：
• 確保照片清晰且適當
• 內容積極正面
• 尊重其他用戶隱私"
