問題編號,問題,答案編號,回答內容,來源工作表
PC1,該選擇哪一種寵物？,PCA1,根據你的生活方式、空間大小、過敏狀況和喜好選擇，如：狗、貓、小型哺乳動物、鳥類或爬蟲類。,飼養前的準備
PC2,領養還是購買？,PCA2,領養能給流浪動物第二個機會，且多數有基本疫苗。若選購請確認合法來源與健康證明。,飼養前的準備
PC3,飼養寵物需要準備哪些物品？,PCA3,包括食器、水碗、寵物床、籠子、玩具、清潔用品、項圈或胸背帶等。,飼養前的準備
PC4,飼養狗狗要申請寵物登記嗎？,PCA4,是的，根據台灣法規，需於飼養後一個月內完成寵物登記並植入晶片。,飼養前的準備
PC5,初次見面如何與寵物建立信任？,PCA5,保持溫柔聲音與動作，給予時間適應環境，並用零食或玩具正向互動。,飼養前的準備
PC6,公寓可養寵物嗎？,PCA6,須查看租屋合約或公寓管委會規定，並選擇不會吠叫太吵或體型過大的寵物。,飼養前的準備
PC7,寵物需要固定的作息嗎？,PCA7,是的，規律的餵食、運動和睡眠時間有助於健康與行為穩定。,飼養前的準備
PC8,如何選擇合適的獸醫院？,PCA8,評估醫院距離、服務項目、醫師經驗及網路評價，建立長期信任關係。,飼養前的準備
PC9,養寵物會有哪些花費？,PCA9,包含飼料、醫療、洗澡美容、預防針、用品更新等，每月支出依寵物類型與照護程度不同。,飼養前的準備
PC10,幼犬或幼貓要吃專用飼料嗎？,PCA10,是的，幼年期需攝取高蛋白、高熱量營養配方支持成長。,飲食與營養
PC11,要餵寵物幾次一天？,PCA11,幼年期建議一天3–4餐，成年犬貓一天1–2餐視體重與活動量調整。,飲食與營養
PC12,罐頭與乾飼料哪個比較好？,PCA12,可混合餵食，乾糧有助牙齒，濕糧提高水分攝取。依健康與喜好選擇。,飲食與營養
PC13,寵物會挑食怎麼辦？,PCA13,固定餵食時間、避免零食過多，必要時諮詢獸醫排除健康問題。,飲食與營養
PC14,寵物喝水要注意什麼？,PCA14,要每天更換乾淨水源，部分貓咪喜愛流動水可使用自動飲水器。,飲食與營養
PC15,如何知道寵物是否營養不良？,PCA15,毛髮黯淡、體重下降、無力、便便異常等都是警訊。應即時就醫。,飲食與營養
PC16,寵物可以吃生食嗎？,PCA16,有生食派飼主，但需嚴格衛生控管，避免寄生蟲或病菌感染。,飲食與營養
PC17,如何挑選優質飼料？,PCA17,看成分表是否含高比例動物性蛋白、無人工香料、具認證標章。,飲食與營養
PC18,寵物吃太快怎麼辦？,PCA18,可使用慢食碗、分多次餵食、混入水讓進食變慢。,飲食與營養
PC19,常見的寵物疾病有哪些？,PCA19,包括皮膚病、腸胃炎、牙周病、心臟病、關節炎等。,健康與醫療
PC20,寵物一直抓癢怎麼辦？,PCA20,可能是過敏、寄生蟲或皮膚病，建議就醫檢查。,健康與醫療
PC21,便便異常是什麼狀況？,PCA21,軟便、拉肚子、便秘、出血、異味等需特別注意。,健康與醫療
PC22,寵物掉毛正常嗎？,PCA22,換季掉毛屬正常，若掉毛過度應考慮皮膚問題或營養不均。,健康與醫療
PC23,如何照顧寵物牙齒？,PCA23,定期刷牙、提供潔牙零食或玩具，定期口腔檢查。,健康與醫療
PC24,寵物有體臭怎麼處理？,PCA24,需判別是否皮膚病、耳朵感染或口腔問題。,健康與醫療
PC25,寵物可以用人用藥嗎？,PCA25,絕對不可，請遵從獸醫指示使用專用藥物。,健康與醫療
PC26,怎麼知道寵物是否有發燒？,PCA26,用寵物專用體溫計，正常肛溫約38–39.3°C。,健康與醫療
PC27,寵物長腫塊怎麼辦？,PCA27,應盡速就醫檢查是否為腫瘤、膿瘍或脂肪瘤。,健康與醫療
PC28,狗狗需要打哪些疫苗？,PCA28,包括五合一、狂犬病、犬副流感、萊姆病等。,疫苗與預防
PC29,貓咪需要打哪些疫苗？,PCA29,包括三合一、貓白血病、狂犬病等。,疫苗與預防
PC30,疫苗要打幾次？,PCA30,幼寵需打初次與追加劑，成年後每年加強一次。,疫苗與預防
PC31,不打疫苗有什麼風險？,PCA31,易感染傳染病，甚至威脅人畜共通健康。,疫苗與預防
PC32,打疫苗後有副作用嗎？,PCA32,可能短暫疲倦或食慾差，極少數有過敏反應。,疫苗與預防
PC33,如何預防跳蚤和壁蝨？,PCA33,定期使用驅蟲藥、保持環境清潔。,疫苗與預防
PC34,驅蟲要多久一次？,PCA34,內外驅蟲建議每1–3個月一次，依產品與地區風險決定。,疫苗與預防
PC35,寵物是否需要結紮？,PCA35,可避免繁殖與降低特定疾病風險。,疫苗與預防
PC36,幾歲可以結紮？,PCA36,通常6–8個月大即可，視健康狀況與品種調整。,疫苗與預防
PC37,可以用人類洗髮精幫寵物洗澡嗎？,PCA37,不可。人用產品pH值不合，易造成皮膚刺激。,洗澡與美容
PC38,洗完澡為何要吹乾？,PCA38,濕氣會滋生黴菌與細菌，特別是長毛動物更需完全吹乾。,洗澡與美容
PC39,有哪些美容服務可選擇？,PCA39,包括洗澡、剪毛、修指甲、擠肛門腺、清潔耳朵等。,洗澡與美容
PC40,怎麼自己幫寵物剪指甲？,PCA40,使用寵物指甲剪，小心避開血線，剪後可磨平邊緣,洗澡與美容
PC41,寵物有體味怎麼辦？,PCA41,除了定期洗澡，應檢查耳朵、口腔與皮膚是否發炎。,洗澡與美容
PC42,狗狗洗澡時很怕水怎麼辦？,PCA42,使用零食安撫，避免水直接沖臉，從腳部慢慢適應。,洗澡與美容
PC43,毛打結怎麼處理？,PCA43,先用手或潤絲劑輕輕拆開，嚴重時建議修剪或交由美容師處理。,洗澡與美容
PC44,為什麼要定期擠肛門腺？,PCA44,若不排出，可能造成腫脹、發炎甚至破裂。,洗澡與美容
PC45,換季時掉毛嚴重怎麼辦？,PCA45,多梳毛、補充營養、保持皮膚健康，必要時就醫。,洗澡與美容
PC46,寵物尿在不對地方怎麼辦？,PCA46,立即清潔氣味、重新建立定點如廁習慣，可搭配獎勵制。,日常行為與訓練
PC47,狗狗吠叫不停怎麼處理？,PCA47,找出觸發原因（警戒、焦慮、無聊），針對原因訓練改善。,日常行為與訓練
PC48,可以用打罵來訓練嗎？,PCA48,不建議。正向訓練比責罵更有效且不傷害關係。,日常行為與訓練
PC49,如何教狗狗坐下、握手等指令？,PCA49,使用口令+手勢+零食鼓勵，循序漸進練習。,日常行為與訓練
PC50,為什麼貓咪總是跳上桌子？,PCA50,因為好奇與視野需求。可設置貓跳台並限制禁區。,日常行為與訓練
PC51,狗狗會分離焦慮嗎？,PCA51,會。需透過短暫離開漸進適應、玩具陪伴、穩定作息緩解。,日常行為與訓練
PC52,可以讓寵物睡在床上嗎？,PCA52,視飼主習慣與衛生考量而定，重要的是保持清潔。,日常行為與訓練
PC53,寵物一直舔自己怎麼辦？,PCA53,若過度舔毛可能是過敏、壓力或傷口，需就醫確認。,日常行為與訓練
PC54,怎麼跟寵物建立信任關係？,PCA54,多陪伴、溫和互動、避免驚嚇、建立安全感與規律作息,日常行為與訓練
PC55,家中哪些東西對寵物有毒？,PCA55,包括巧克力、酒精、洋蔥、百合花、清潔劑等。,環境與居家安全
PC56,怎麼防止寵物咬電線？,PCA56,用苦味劑、收線管包覆，並提供咬咬玩具轉移。,環境與居家安全
PC57,貓咪會跳窗戶怎麼辦？,PCA57,安裝紗窗或貓網，避免墜樓意外。,環境與居家安全
PC58,寵物能留在陽台嗎？,PCA58,不建議長時間單獨留置，應有遮陰、防墜與通風設施。,環境與居家安全
PC59,室內該準備什麼給寵物？,PCA59,舒適床墊、水碗、廁所（砂盆或尿墊）、玩具等。,環境與居家安全
PC60,貓砂該多久清一次？,PCA60,建議每日清除排泄物，整盆每週更換一次。,環境與居家安全
PC61,寵物能和小孩一起生活嗎？,PCA61,可以，但要教導小孩尊重與正確互動方式。,環境與居家安全
PC62,寵物打翻東西怎麼訓練改善？,PCA62,建立「不可以」的界線，避免把易碎物放在低處。,環境與居家安全
PC63,可以在家使用芳香精油嗎？,PCA63,很多精油對寵物有毒，使用前務必查明安全性。,環境與居家安全
PC64,如何帶寵物坐車不暈車？,PCA64,旅程前禁食、保持通風、用熟悉玩具安撫。嚴重者可請獸醫開藥。,旅遊與外出
PC65,帶寵物旅行需要準備什麼？,PCA65,食物、水、碗、尿墊、證件、藥品與習慣物品。,旅遊與外出
PC66,狗狗外出散步多久為佳？,PCA66,一天兩次、每次20–30分鐘，可依品種與年齡調整。,旅遊與外出
PC67,可以讓寵物自由奔跑嗎？,PCA67,公共場合應牽繩，除非是合法開放的寵物公園。,旅遊與外出
PC68,貓咪也可以外出嗎？,PCA68,可，但需適應訓練與胸背帶或推車輔助。,旅遊與外出
PC69,旅館可以帶寵物嗎？,PCA69,查詢「寵物友善」旅宿，有些須額外收費或遵守規定。,旅遊與外出
PC70,搭飛機怎麼帶寵物？,PCA70,須辦理航空公司規定的手續與健康證明，並裝入航空籠。,旅遊與外出
PC71,出國可以帶寵物嗎？,PCA71,需辦理檢疫、健康證明與入境許可，流程複雜建議提早規劃。,旅遊與外出
PC72,寵物外出走失怎麼辦？,PCA72,若有晶片與項圈能協助尋回，應立即通報動保機構與張貼協尋。,旅遊與外出
PC73,老年寵物食物需要更換嗎？,PCA73,是，需改為低熱量、高纖、易消化的配方。,老年寵物照護
PC74,老年寵物活動力變差怎麼辦？,PCA74,適當運動可延緩退化，勿強迫，可使用輔助器具。,老年寵物照護
PC75,要做哪些健康檢查？,PCA75,建議半年一次血檢、心臟、腎功能與牙科評估。,老年寵物照護
PC76,寵物出現失禁怎麼辦？,PCA76,鋪吸水墊、調整飲食、就醫檢查是否泌尿問題。,老年寵物照護
PC77,老狗/貓睡很多正常嗎？,PCA77,正常，但若嗜睡或不願互動，應檢查是否身體不適。,老年寵物照護
PC78,關節退化怎麼處理？,PCA78,使用關節保健品、保暖床墊、減少跳高或爬樓梯。,老年寵物照護
PC79,老年寵物容易焦慮嗎？,PCA79,是。建立規律作息與陪伴，有助減緩焦慮與退化。,老年寵物照護
PC80,寵物會有老年癡呆嗎？,PCA80,有可能，表現為迷路、亂叫、日夜顛倒等，應就醫評估。,老年寵物照護
PC81,如何讓寵物善終？,PCA81,提供尊嚴、舒適與陪伴，必要時考慮安寧照護或安樂選項。,老年寵物照護
PC82,怎麼處理寵物嘔吐？,PCA82,偶爾可觀察禁食6小時，若頻繁或伴隨血液、無力應就醫。,特殊情況應對（走失、中毒、交配等）
PC83,寵物中毒怎麼急救？,PCA83,記下毒物種類，勿自行催吐，立即送醫處理。,特殊情況應對（走失、中毒、交配等）
PC84,狗狗咬人怎麼辦？,PCA84,立即隔離與清潔傷口，聯絡獸醫與當地動保機構處理。,特殊情況應對（走失、中毒、交配等）
PC85,寵物走失怎麼辦？,PCA85,通報動保處、動物醫院、張貼協尋、發社群與寵物平台。,特殊情況應對（走失、中毒、交配等）
PC86,突然行為異常怎麼辦？,PCA86,可能是疼痛、疾病或驚嚇，應儘快評估與就醫。,特殊情況應對（走失、中毒、交配等）
PC87,發情期要注意什麼？,PCA87,情緒起伏大、亂尿、嚎叫，若不繁殖建議結紮。,特殊情況應對（走失、中毒、交配等）
PC88,飼主生病住院，寵物怎麼辦？,PCA88,可托親友或專業寵物旅館照顧，避免臨時無人照料。,特殊情況應對（走失、中毒、交配等）
PC89,遇到自然災害怎麼辦？,PCA89,準備緊急避難包：飼料、水、藥物、繩帶、疫苗紀錄等。,特殊情況應對（走失、中毒、交配等）
PC90,飼養寵物最重要的是什麼？,PCA90,長期承諾、愛與耐心，讓牠成為你家庭的一份子。,特殊情況應對（走失、中毒、交配等）
PC91,飼養第二隻狗會比較好嗎？,PCA91,需視原本狗狗個性與飼主照顧能力，避免因競爭反而壓力更大。,進階飼養知識
PC92,為什麼貓咪會磨爪？,PCA92,是本能行為，為了去除老化爪殼與標記地盤。,進階飼養知識
PC93,狗狗有色盲嗎？,PCA93,狗狗視覺有限，能分辨藍與黃色，但紅綠色較難辨識。,進階飼養知識
PC94,怎麼區分公母寵物？,PCA94,狗貓生殖器官在幼年即可辨別，獸醫也可協助判定。,進階飼養知識
PC95,貓咪會記仇嗎？,PCA95,不會「記仇」，但會記得不愉快經驗並避免再接近。,進階飼養知識
PC96,寵物需要刷毛嗎？,PCA96,是。可去除死毛、促進血液循環，尤其長毛品種需天天梳理。,進階飼養知識
PC97,寵物會作夢嗎？,PCA97,是。研究顯示動物在睡眠中也會有REM期，會抽動四肢或發出聲音。,進階飼養知識
PC98,如何幫寵物拍照？,PCA98,用自然光、低角度拍攝並吸引注意力；可用聲音或點心誘導。,進階飼養知識
PC99,寵物會認路回家嗎？,PCA99,有些狗貓有方向感，但不可靠，仍應避免走失風險。,進階飼養知識
PC100,發情期持續多久？,PCA100,母狗約2–3週，貓則約7天左右。,繁殖與成長知識
PC101,怎麼知道母狗懷孕了？,PCA101,胃部變大、乳頭變色、活動力下降，建議照超音波確認。,繁殖與成長知識
PC102,寵物懷孕需要補充營養嗎？,PCA102,是，需增加蛋白質與熱量，請獸醫建議適當配方。,繁殖與成長知識
PC103,狗貓一次生幾隻？,PCA103,看品種大小，狗約4–10隻，貓約3–6隻。,繁殖與成長知識
PC104,小狗幾週可以吃副食品,PCA104,約3–4週開始離乳，可吃濕軟的幼犬飼料。,繁殖與成長知識
PC105,貓咪會照顧小貓嗎？,PCA105,會，母貓具有強烈護子本能，建議不要過度打擾。,繁殖與成長知識
PC106,小狗幾個月可離乳？,PCA106,通常在6–8週左右完成斷奶。,繁殖與成長知識
PC107,要幫寵物登記出生資訊嗎？,PCA107,若參加比賽或育種，血統登記需提交出生證明。,繁殖與成長知識
PC108,什麼是基因遺傳病？,PCA108,特定品種易攜帶疾病基因，如髖關節異常、視網膜萎縮等。,繁殖與成長知識
PC109,怎麼看出寵物開心？,PCA109,尾巴搖擺、靠近你、主動玩耍與呼嚕聲（貓）。, 寵物心理與情緒
PC110,寵物會憂鬱嗎？,PCA110,長期孤單或改變環境會讓寵物表現冷淡、食慾下降。, 寵物心理與情緒
PC111,如何陪伴老年寵物？,PCA111,每天與牠互動、輕柔按摩與話語交流，可讓牠安心。, 寵物心理與情緒
PC112,怎麼緩解分離焦慮？,PCA112,使用陪伴玩具、建立獨處時間、逐漸延長離開時間。, 寵物心理與情緒
PC113,寵物為什麼會亂大小便？,PCA113,可能是壓力、健康問題或訓練不完全所致。, 寵物心理與情緒
PC114,寵物會感到被忽略嗎？,PCA114,會。長時間無互動可能導致情緒行為問題。, 寵物心理與情緒
PC115,怎麼安撫害怕的狗？,PCA115,低聲安撫、避免擁抱強壓、可使用抗焦慮噴劑或外套。, 寵物心理與情緒
PC116,打雷時寵物躲起來正常嗎,PCA116,是正常壓力反應，可提供安全空間讓牠藏匿。, 寵物心理與情緒
PC117,寵物認得自己的名字嗎？,PCA117,經常呼喚與獎勵能讓牠辨認並回應名字。, 寵物心理與情緒
PC118,如何幫寵物刷牙？,PCA118,使用寵物牙膏與專用牙刷，一週至少2次。, 醫療與保健補充
PC119,寵物流口水是生病嗎？,PCA119,若頻繁、黏稠，可能為口腔問題或中毒徵兆。, 醫療與保健補充
PC120,寵物貧血有哪些症狀？,PCA120,虛弱、黏膜蒼白、食慾不佳，需抽血檢查。, 醫療與保健補充
PC121,可以給寵物保健食品嗎？,PCA121,可以，但須選擇適合種類與依建議劑量使用。, 醫療與保健補充
PC122,寵物生病該看哪科？,PCA122,多數為「小動物內科」，特殊科如眼科、皮膚科可進一步轉診。, 醫療與保健補充
PC123,疫苗打了還會得病嗎？,PCA123,仍有極小機率感染，但症狀較輕，保護力仍高。, 醫療與保健補充
PC124,寵物需要輸血嗎？,PCA124,有些重病或外傷時確實需輸血，獸醫會做交叉配對。, 醫療與保健補充
PC125,醫療費太貴怎麼辦？,PCA125,可考慮投保寵物保險，平時定期檢查預防重症。, 醫療與保健補充
PC126,寵物能做復健嗎？,PCA126,有。如水療、磁療、關節伸展可改善術後或老年問題。, 醫療與保健補充
PC127,寵物可以上IG/TikTok嗎？,PCA127,當然可以，許多毛孩都有自己的帳號與粉絲。,社群與紀錄
PC128,寵物寫真需要專業拍嗎？,PCA128,可找寵物攝影師或使用手機搭配道具、背景拍攝。,社群與紀錄
PC129,可以幫寵物穿衣服嗎？,PCA129,若天氣寒冷或皮膚保護需要，可適度穿著。,社群與紀錄
PC130,怎麼做寵物成長相簿？,PCA130,每月拍攝1張，記錄從幼年到成年的變化。,社群與紀錄
PC131,有寵物專屬的社交平台嗎？,PCA131,有，如Petpetgo、毛起來愛、Wag等。,社群與紀錄
PC132,怎麼辦寵物生日派對？,PCA132,預約寵物友善空間、製作蛋糕、準備服飾與禮物。,社群與紀錄
PC133,可以幫寵物取綽號嗎？,PCA133,當然可以，牠們會記住你給予的稱呼與語調。,社群與紀錄
PC134,寵物會喜歡照鏡子嗎？,PCA134,多數不會認出自己，但有些會出現好奇或敵意。,社群與紀錄
PC135,寵物紀錄資料要備份嗎？,PCA135,建議雲端備份，以防遺失重要健康與身分資料。,社群與紀錄
PC136,寵物噎到怎麼辦？,PCA136,若寵物仍能咳嗽或發出聲音，應保持鎮定並鼓勵牠自行排出異物，不要隨意伸手進嘴巴掏取；若完全無法呼吸、發聲且牙齦變紫，表示是完全阻塞，此時需立刻進行急救，例如小型犬貓可抱起頭朝下拍背、胸腔擠壓，大型犬可採立姿或側躺進行腹部擠壓（哈姆立克法），並在每次動作後檢查口腔是否可見異物，同時盡快送醫。,寵物居家急救與緊急應變
PC137,怎麼對犬貓做 CPR？,PCA137,當寵物沒有呼吸且摸不到脈搏時，需立刻進行 CPR。將寵物側躺，雙手置於胸腔最寬處垂直下壓，頻率為每分鐘 100–120 次，深度約為胸腔寬度的 1/3–1/2；按壓 30 次後進行 2 次人工呼吸（口對鼻吹氣，胸廓輕微抬起為宜），並持續循環直到恢復心跳或交由獸醫處理。施救過程中需避免過度吹氣導致胃脹氣，並盡可能保持按壓不中斷。,寵物居家急救與緊急應變
PC138,中暑有哪些徵兆與應對方法？,PCA138,寵物中暑常見症狀包括喘促不止、流口水、步態不穩、嘔吐腹瀉、牙齦鮮紅或發白、虛弱甚至昏迷。發現疑似中暑時，應立即將牠移至陰涼通風處，卸下項圈和口罩，使用溫涼水（非冰水）打濕腹股溝、腋下與腳墊，並用電扇輔助降溫，當體溫降至約 39.5°C 即停止主動降溫以避免低溫過度，能吞嚥的情況下可少量飲水，並立即送醫檢查。,寵物居家急救與緊急應變
PC139,遇到癲癇發作怎麼辦？,PCA139,發作時不要將手或物品放入口中，避免咬傷或造成更多損害，應將周圍尖銳物移開並保持環境安靜，讓寵物躺在安全的平面並在頭下墊軟布，持續觀察並計時，若發作超過 5 分鐘或短時間內重複發作，屬於危急狀況，需立即送醫；發作停止後讓牠安靜休息並保暖，並記錄過程（影片或描述）供獸醫診斷。,寵物居家急救與緊急應變
PC140,寵物大出血時怎麼止血？,PCA140,應立即以乾淨紗布或布料直接壓迫出血處 3–5 分鐘，期間不要掀開檢查，以免影響凝血，若血液滲出應在外層加疊新的紗布持續加壓，必要時用棉墊和彈性繃帶固定並確保末端肢體不因包紮過緊而變紫或冰冷；若出血量大且來自動脈，且無法以壓迫控制，可在上方使用止血帶暫時止血，每 2–3 分鐘稍微放鬆一次，並儘快送醫。,寵物居家急救與緊急應變
PC141,寵物中毒時該怎麼辦？,PCA141,先將寵物移離毒源並確保牠安全，保留可能的毒物包裝、殘留物或植物樣本，記下攝入時間與大約的量，並立即聯絡獸醫；在未經獸醫指示下不要自行催吐，尤其是腐蝕性物質、昏迷或抽搐的情況下更危險。運送途中應保持安靜、避免奔跑以減少毒物吸收，並將毒物資訊完整告知獸醫以利處理。,寵物居家急救與緊急應變
PC142,骨折或脫臼怎麼處理？,PCA142,不要自行復位，應盡量限制受傷部位的活動，可用毛巾或布條將患肢靠近身體固定，或使用硬板作為臨時夾板固定上下關節，避免進一步移動造成二次傷害；若同時有出血，先止血再固定，並在運送過程中減少顛簸，盡快送醫做 X 光檢查與治療。,寵物居家急救與緊急應變
PC143,燒燙傷該如何急救？,PCA143,熱燙傷應立即用 15–25°C 的涼水沖洗傷口 10–15 分鐘以降溫，但不要使用冰塊；化學灼傷需大量清水沖洗至少 15 分鐘並避免觸碰傷口周邊；電灼傷要先切斷電源再接近寵物，以免自己觸電。任何燒燙傷都不要塗抹牙膏、油膏等物質，應保持傷口清潔覆蓋並立即送醫，以防感染與評估深度。,寵物居家急救與緊急應變
PC144,眼睛受傷時怎麼辦？,PCA144,眼睛受傷時不要直接用手拔除異物，可用生理食鹽水輕柔沖洗以去除表面灰塵，避免用力過大傷到角膜；應防止寵物用爪子抓眼睛，可戴上伊莉莎白頭套保護；若眼睛流血、腫脹、渾濁或眼球外突，應用乾淨紗布輕蓋保護並立即送醫，因為眼部損傷處理時效性非常關鍵，拖延可能造成永久失明。,寵物居家急救與緊急應變
PC145,貓咪為什麼會亂抓家具？,PCA145,抓東西是貓的天性，除了磨爪外，還有標記氣味與舒展肌肉的作用。要改善，可以提供足夠的貓抓板（直立與水平型皆有），放在牠常抓的位置；當牠使用抓板時給予零食或撫摸獎勵，若抓家具時則用拍手或轉移注意力制止，同時用保護膜或雙面膠貼在家具表面減少吸引力。,寵物日常行為問題與改善方法
PC146,狗狗喜歡撲人怎麼辦？,PCA146,撲人通常是打招呼或索取關注的行為，但可能嚇到小孩或客人。訓練時，當狗狗撲人應立即轉身忽視，等牠四腳著地並安靜下來再給予獎勵；同時教導「坐下」作為替代行為，讓牠學會用坐下來換取注意與撫摸。,寵物日常行為問題與改善方法
PC147,貓咪半夜亂跑亂叫怎麼解決？,PCA147,這可能是天性活動時間（黎明和黃昏）導致，也可能是精力過剩或發情行為。解決方式包括在睡前與貓進行較多的互動遊戲消耗精力，提供能獨自玩耍的玩具，並確保晚上前有足夠的進食量；若是發情導致，建議結紮以減少夜間吵鬧行為。,寵物日常行為問題與改善方法
PC148,寵物會偷翻垃圾桶怎麼辦？,PCA148,翻垃圾通常是尋找食物或好奇。解決辦法包括使用有蓋且不易被打開的垃圾桶、將垃圾桶放在櫃子或高處、固定垃圾桶避免傾倒；同時確保寵物有足夠的食物與玩具，降低因無聊而翻找垃圾的動機。,寵物日常行為問題與改善方法
PC149,狗狗散步時會拉繩怎麼糾正？,PCA149,拉繩可能是興奮或急於探索。可使用胸背帶搭配短牽繩，當狗狗拉扯時立即停下不前進，等牠回到你身邊或牽繩鬆弛時再繼續走，重複多次讓牠明白拉扯無法達到目的。結合口令如「慢慢」與獎勵可以加快學習效果。,寵物日常行為問題與改善方法
PC150,貓咪為什麼會咬人？,PCA150,可能是玩心過大、過度刺激、警戒防禦或疼痛反應。需觀察牠咬人前的肢體信號（尾巴急甩、耳朵後貼、瞳孔放大），提前停止互動；提供合適的咬咬玩具取代手，避免用手直接與貓咪激烈玩耍。若咬人是因疼痛，應立即檢查身體狀況並就醫。,寵物日常行為問題與改善方法
PC151,狗狗為什麼會護食？,PCA151,護食是源於資源保護的本能。改善方法是在平時餵食時偶爾用手添加美味的食物，讓牠習慣有人靠近時有好事發生；避免突然奪走牠的食物，逐步練習交換物品，建立「給我」的指令與互信。若護食嚴重且伴隨攻擊行為，需在專業訓練師指導下進行。,寵物日常行為問題與改善方法
PC152,貓咪為什麼會躲起來？,PCA152,躲藏可能是正常的休息偏好，也可能因環境變化、壓力、害怕或生病。若躲藏時間不長且仍正常飲食、排泄與互動，多屬正常；若長時間不出來或伴隨食慾下降、精神萎靡，應就醫檢查，並在家中提供安全且安靜的藏身空間。,寵物日常行為問題與改善方法
PC153,狗狗會拆家怎麼辦？,PCA153,拆家通常是精力過剩、分離焦慮或無聊造成。可透過增加每日運動量、提供可咬玩具、益智食物球等方式轉移注意力，並在外出前先帶牠消耗體力。若是分離焦慮，可逐步練習短時間離開、建立安全區域，並在外出時提供能安撫情緒的物品（如帶有主人氣味的毛巾）。,寵物日常行為問題與改善方法
PC154,寵物在車上容易暈車怎麼辦？,PCA154,出發前 3–4 小時避免餵食，保持車內通風與舒適溫度，讓牠能看見外部景色或固定在安全座椅上，減少搖晃感；可攜帶毛巾或墊子吸收異味，若暈車嚴重，可事先諮詢獸醫使用暈車藥。,帶寵物出門與旅行注意事項
PC155,帶寵物搭火車或高鐵需要注意什麼？,PCA155,需將寵物放置於符合規格的運輸籠內，並確保籠內鋪好吸水墊與透氣良好；不同交通工具對尺寸與重量有限制，出發前應先查詢相關規定，並提前到站預留時間辦理手續。,帶寵物出門與旅行注意事項
PC156,寵物第一次出門可能會很緊張，怎麼減輕牠的焦慮？,PCA156,可在出門前幾天讓牠熟悉運輸籠或胸背帶，並短時間帶到附近走走，逐步增加外出時間與距離；外出時使用熟悉的墊子、玩具或帶有主人氣味的物品安撫，保持語氣溫和並給予零食獎勵。,帶寵物出門與旅行注意事項
PC157,旅行中如何確保寵物安全？,PCA157,外出時務必使用牽繩或胸背帶，不要讓牠單獨留在車內或陌生環境；住宿時檢查房間有無危險物品或可逃脫的縫隙，並確保寵物有固定的休息區域與飲水來源。,帶寵物出門與旅行注意事項
PC158,可以帶寵物上飛機嗎？,PCA158,多數航空公司允許小型寵物以隨身方式放置於座位下的專用航空箱，大型寵物則需托運至貨艙。需提前確認航空公司規範，準備健康證明與疫苗接種紀錄，並使用符合 IATA 標準的航空箱。,帶寵物出門與旅行注意事項
PC159,出國帶寵物需要辦什麼手續？,PCA159,需確認目的地國家的檢疫與入境規定，通常需要健康檢查證明、狂犬病疫苗證明與植入晶片，有些國家還需隔離檢疫；程序繁瑣，建議至少提前 3–6 個月準備。,帶寵物出門與旅行注意事項
PC160,寵物在外面走失怎麼辦？,PCA160,立即在當地尋找，並向附近動物醫院、收容所與警察報案，同時張貼協尋公告或在社群平台發布訊息。若寵物有晶片與名牌，可以大大提高被找回的機率。,帶寵物出門與旅行注意事項
PC161,旅途中寵物突然生病該怎麼處理？,PCA161,應隨身攜帶緊急醫療用品與當地獸醫院清單，若出現嘔吐、腹瀉、呼吸急促等症狀，先讓牠休息並保持水分，情況持續或惡化就立即送醫；旅行前可事先詢問主治獸醫是否需要攜帶備用藥物。,帶寵物出門與旅行注意事項
PC162,帶寵物旅行有哪些額外花費需要考慮？,PCA162,除了交通與住宿費外，還需考慮寵物友善飯店的額外清潔費、交通運輸附加費（火車、飛機托運費）、臨時醫療費用、保險，以及可能需要購買的額外用品如便攜籠、可折疊水碗等。,帶寵物出門與旅行注意事項
PC163,健康檢查通常包含哪些項目？,PCA163,完整檢查包括體重與體態評估、牙齒與口腔檢查、眼耳鼻口觀察、皮膚與毛髮檢視、心肺聽診、腹部觸診，以及血液生化檢查、全血計數、尿液與糞便分析；必要時會進行 X 光、超音波或心電圖檢查。,寵物健康檢查與保健
PC164,血液檢查能檢測什麼？,PCA164,血液檢查可以檢測紅白血球數、血紅素濃度、肝腎功能、血糖、膽固醇與電解質平衡，這些數據能幫助獸醫判斷是否有感染、貧血、代謝異常或器官疾病。,寵物健康檢查與保健
PC165,為什麼老年寵物需要更頻繁檢查？,PCA165,老年寵物的器官功能下降速度較快，且慢性病（如腎臟病、心臟病、糖尿病）在早期症狀不明顯，透過半年一次的檢查能更早發現並開始治療，延長健康壽命與生活品質。,寵物健康檢查與保健
PC166,日常保健應該注意哪些方面？,PCA166,日常保健包括均衡飲食、適當運動、規律作息、定期驅蟲與疫苗接種、維持口腔清潔、定期梳毛與洗澡，以及提供安全舒適的生活環境，並留意任何行為或食慾的變化。,寵物健康檢查與保健
PC167,牙齒保健有多重要？,PCA167,牙齒健康直接影響進食與整體健康，牙周病會導致口臭、牙齦炎，甚至讓細菌進入血液影響心臟與腎臟。建議每週至少刷牙 2–3 次，搭配潔牙零食或玩具，並定期讓獸醫做專業洗牙。,寵物健康檢查與保健
PC168,寵物保健食品需要吃嗎？,PCA168,是否需要保健品應依健康狀況與飲食營養而定，例如關節保健品（葡萄糖胺、軟骨素）適合老年或大型犬；魚油可幫助皮膚與毛髮健康；益生菌有助腸道；但須選擇專為寵物設計且經獸醫建議的產品，避免過量或不當使用。,寵物健康檢查與保健
PC169,體重控制為什麼很重要？,PCA169,過重或過瘦都會影響健康，肥胖會增加關節、心肺與糖尿病的風險，過瘦則可能表示營養不足或有疾病。應透過控制飲食與增加運動來維持理想體態，並定期量體重追蹤。,寵物健康檢查與保健
PC170,有哪些疾病是健康檢查能提早發現的？,PCA170,常見可提早發現的疾病包括慢性腎病、肝功能異常、糖尿病、甲狀腺功能異常、心臟病、腫瘤，以及寄生蟲感染。提早診斷意味著能更早介入治療，延緩病情惡化。,寵物健康檢查與保健
PC171,如何讓寵物適應健康檢查？,PCA171,可在平時訓練牠接受簡單的身體觸碰（看牙齒、摸耳朵、檢查爪子），搭配零食獎勵，讓牠對檢查動作不害怕；外出前帶牠熟悉運輸籠或牽繩，並保持就診過程的耐心與安撫。,寵物健康檢查與保健
PC172,寵物需要固定餵食時間嗎？,PCA172,是的，固定餵食時間能幫助維持良好的腸胃規律與行為穩定。幼犬幼貓通常需要一天 3–4 餐，成年犬貓則可調整為一天 1–2 餐。固定餵食也能幫助飼主觀察食慾變化，及早發現健康問題。,寵物飲食與營養管理
PC173,乾糧與罐頭哪個比較好？,PCA173,乾糧保存方便，能幫助磨牙與減少牙垢；罐頭含水量高，能增加水分攝取並對偏食寵物更有吸引力。最佳做法是依需求混合餵食，例如以乾糧為主，搭配部分罐頭或鮮食，達到營養與水分的平衡。,寵物飲食與營養管理
PC174,寵物可以吃人類的食物嗎？,PCA174,不建議。許多人類食物對寵物有毒或難以消化，例如巧克力、葡萄、洋蔥、大蒜、木糖醇、酒精等都可能致命。即使是安全食材，也需注意烹調方式（不能油炸、調味）與份量控制，避免造成肥胖與消化不良。,寵物飲食與營養管理
PC175,怎麼判斷飼料是否優質？,PCA175,要查看成分表，優質飼料應以動物性蛋白（如雞肉、魚肉）為主要原料，避免以大量穀物或副產品為主。營養比例要符合 AAFCO 或 FEDIAF 標準，並且不含過多人工色素、香料或防腐劑。,寵物飲食與營養管理
PC176,幼犬幼貓的飲食需要特別注意什麼？,PCA176,幼年期是快速成長階段，需要高蛋白、高熱量與鈣磷比例均衡的專用飼料，幫助骨骼與免疫系統發育。切勿餵成年寵物飼料，以免營養不足影響生長。,寵物飲食與營養管理
PC177,老年寵物的飲食要怎麼調整？,PCA177,老年寵物活動量下降，容易肥胖且器官功能逐漸退化，因此飲食應選擇低熱量、高纖維、易消化的配方，並增加含關節保護或腎臟支持的營養素（如葡萄糖胺、Omega-3 脂肪酸）。,寵物飲食與營養管理
PC178,寵物需要補鈣或維生素嗎？,PCA178,若食用的是完整均衡的商業飼料，通常不需額外補充。若是自製鮮食，營養比例可能不均衡，則建議在獸醫指導下補充鈣質、維生素或微量元素，以避免骨骼問題或免疫力不足。,寵物飲食與營養管理
PC179,寵物喝牛奶可以嗎？,PCA179,多數成年貓狗缺乏乳糖酶，喝牛奶容易造成腹瀉與腸胃不適。市面上有專為寵物設計的低乳糖或無乳糖寵物奶粉，才適合用來補充。幼年期的寵物若需要人工哺乳，必須使用專用奶粉。,寵物飲食與營養管理
PC180,肥胖寵物該怎麼飲食控制？,PCA180,應選擇低熱量配方，並以「計算每日熱量需求」為基準分餐餵食，避免隨意投餵零食；可用益智食物球延長進食時間，讓寵物邊玩邊吃，減少暴食情況。同時需搭配規律運動，達到健康減重的效果。,寵物飲食與營養管理
PC181,如何確保寵物攝取足夠水分？,PCA181,狗狗通常會自行飲水，但貓咪常喝得不足。建議在家中多處放置水碗，並保持水源乾淨；部分貓咪喜歡流動水，可使用飲水機；若仍攝水不足，可增加罐頭、鮮食或在乾糧中拌水，預防泌尿與腎臟疾病。,寵物飲食與營養管理
PC182,寵物會感到孤單嗎？,PCA182,會。狗狗通常需要較多陪伴，長時間單獨在家容易產生分離焦慮；貓咪雖較獨立，但若缺乏互動也可能感到孤單，導致行為問題或情緒低落。,寵物心理與情緒照護
PC183,怎麼判斷寵物是否有壓力？,PCA183,常見壓力表現包括食慾下降、頻繁舔毛、躲藏、異常吠叫或排泄行為。需觀察是否持續發生並找出壓力來源，例如環境變化、噪音或缺乏陪伴。,寵物心理與情緒照護
PC184,寵物會得憂鬱症嗎？,PCA184,是的，長期孤單、失去同伴或重大生活改變可能導致寵物出現憂鬱症狀，如嗜睡、無精打采、失去興趣。這需要透過增加互動、提供刺激，甚至醫師建議下使用藥物來改善。,寵物心理與情緒照護
PC185,如何安撫焦慮的狗狗？,PCA185,可透過規律作息、使用安撫玩具、播放輕音樂、提供隱蔽安全的小空間幫助減壓；若是分離焦慮，需循序漸進讓牠適應獨處。,寵物心理與情緒照護
PC186,貓咪為什麼喜歡躲起來？,PCA186,躲藏是貓咪的本能，能讓牠感到安全。但若過度躲藏且伴隨食慾下降或活動減少，可能是壓力或生病的訊號，需要進一步觀察與檢查。,寵物心理與情緒照護
PC187,如何幫助寵物適應新環境？,PCA187,應逐步引導，不要一次讓牠接觸整個新環境。先提供一個安靜的小空間，裡面放熟悉的毯子或玩具，等牠穩定後再擴展活動範圍。,寵物心理與情緒照護
PC188,寵物會嫉妒嗎？,PCA188,會。當飼主對其他人或動物給予更多注意時，寵物可能表現出黏人、吠叫或破壞行為。應公平對待，並在互動時給予牠足夠的安全感。,寵物心理與情緒照護
PC189,怎麼避免寵物無聊？,PCA189,提供益智玩具、食物隱藏遊戲、定期更換玩具，並安排日常活動與訓練。對狗狗來說，戶外運動與嗅聞活動能大幅降低無聊感。,寵物心理與情緒照護
PC190,寵物會感受到飼主的情緒嗎？,PCA190,會。研究顯示寵物能透過聲音、表情與肢體語言感受飼主情緒，當飼主焦慮或憂鬱時，寵物也可能出現相應的緊張行為。,寵物心理與情緒照護
PC191,怎麼與寵物建立更好的情感連結？,PCA191,透過日常陪伴、規律的互動、溫柔的撫摸與正向獎勵，讓寵物覺得與飼主相處是安全且愉快的；避免打罵與忽視，因為信任是逐步累積的。,寵物心理與情緒照護
PC192,家中有哪些東西對寵物有毒？,PCA192,常見有毒食物包括巧克力、洋蔥、大蒜、葡萄、木糖醇、酒精；常見有毒植物包括百合、杜鵑、聖誕紅、滴水觀音；清潔劑、殺蟲劑、藥物等也非常危險。應將這些物品妥善收納，避免寵物誤食。,寵物居家安全與防護
PC193,如何防止寵物咬電線？,PCA193,電線應收納於防咬管內或固定在牆角，避免外露；可在電線表面噴灑苦味劑降低咬的慾望，並提供適合的咬咬玩具滿足咀嚼需求。若發現有觸電風險，務必立即檢查環境並更換受損線材。,寵物居家安全與防護
PC194,陽台或窗戶對寵物有危險嗎？,PCA194,是的，貓狗都有可能因追逐或好奇而墜落。建議安裝防護網或堅固的紗窗，並避免在窗邊放置可攀爬的家具，降低危險。,寵物居家安全與防護
PC195,寵物會誤食小物品嗎？,PCA195,會。鈕扣、橡皮筋、塑膠袋、髮圈、玩具零件都有可能被誤食，造成腸道阻塞。建議避免將這些小物品放在地面或寵物可觸及的地方。,寵物居家安全與防護
PC196,如何避免寵物接觸化學清潔劑？,PCA196,清潔劑與殺蟲劑應放在高處或鎖櫃內，使用後確保地板完全乾燥再讓寵物進入。若不慎接觸，應立即以大量清水沖洗並送醫。,寵物居家安全與防護
PC197,廚房對寵物來說危險嗎？,PCA197,是的，廚房有熱爐、油鍋、刀具與容易掉落的食物。建議用防護門隔離廚房，或在烹飪時避免寵物進入，降低燙傷與誤食風險。,寵物居家安全與防護
PC198,家具需要特別注意嗎？,PCA198,需要。尖角家具容易造成撞傷，可用護角套保護；搖晃不穩的櫃子應固定在牆上，避免寵物攀爬時傾倒；玻璃桌面應使用防滑墊避免碎裂。,寵物居家安全與防護
PC199,如何讓寵物在家裡有安全活動空間？,PCA199,應提供一個專屬區域，放置食盆、水碗、床墊與玩具，避免危險物品接觸，讓寵物能自由活動又安全。對於幼犬幼貓，可用圍欄或籠子限制活動範圍。,寵物居家安全與防護
PC200,發生居家意外時該怎麼處理？,PCA200,第一步先保持冷靜，評估傷勢並立即進行簡單急救（如止血、沖洗），同時盡快聯絡獸醫或送醫。日常應該把附近的動物醫院與急診電話記下來，遇到緊急狀況才能迅速行動。,寵物居家安全與防護
PC201,狗狗最常見的傳染病有哪些？,PCA201,狗狗常見的傳染病包括犬瘟熱、犬細小病毒、犬傳染性肝炎與狂犬病，這些疾病多數致死率高且傳染力強，因此定期接種疫苗是最有效的預防方式。,寵物常見疾病與預防
PC202,貓咪最常見的傳染病有哪些？,PCA202,貓咪常見的傳染病包括貓瘟（泛白血球減少症）、貓皰疹病毒、貓杯狀病毒、貓白血病與狂犬病。其中部分可透過疫苗預防，飼主應依獸醫建議完成接種。,寵物常見疾病與預防
PC203,牙周病為什麼在寵物中很常見？,PCA203,牙周病是因為牙菌斑與牙石累積導致牙齦發炎、口臭，嚴重時甚至造成牙齒脫落與細菌入血影響心臟與腎臟。因多數飼主忽略刷牙與口腔保健，所以牙周病成為犬貓最常見的慢性疾病之一。,寵物常見疾病與預防
PC204,寵物肥胖會引起哪些問題？,PCA204,肥胖會增加關節炎、糖尿病、呼吸困難、心臟病與肝臟疾病的風險，還會縮短壽命。最有效的預防方式是控制飲食熱量、避免過量零食，並搭配適度運動維持理想體態。,寵物常見疾病與預防
PC205,貓咪為什麼常得泌尿系統疾病？,PCA205,貓咪天生飲水量低，容易導致尿液濃縮，進而產生膀胱炎、尿結晶或泌尿阻塞。預防方法包括增加水源數量、提供流動飲水器，以及餵食含水量高的罐頭或鮮食。,寵物常見疾病與預防
PC206,心絲蟲是什麼？狗貓都會得嗎？,PCA206,心絲蟲是蚊子傳播的寄生蟲，會寄生在心臟與肺動脈，導致心肺衰竭甚至死亡。狗狗感染率最高，但貓咪也可能感染。預防方式是定期使用心絲蟲預防藥物（口服或滴劑），尤其在蚊蟲活躍季節更要確實投藥。,寵物常見疾病與預防
PC207,腎臟病為什麼在貓咪特別常見？,PCA207,貓咪腎臟對水分濃縮的負擔大，長期下來容易造成慢性腎衰竭。此病通常在老年期出現，初期症狀不明顯。定期健康檢查、充足飲水與均衡飲食是最佳預防方式。,寵物常見疾病與預防
PC208,跳蚤與壁蝨會造成什麼影響？,PCA208,跳蚤會引起皮膚過敏、貧血與絛蟲感染，壁蝨則可能傳播萊姆病或巴貝西蟲等血液寄生蟲。預防方式是定期使用驅蟲藥、保持環境清潔、避免草叢長時間停留。,寵物常見疾病與預防
PC209,哪些疾病是可以透過疫苗完全避免的？,PCA209,狂犬病、犬瘟熱、犬細小、貓瘟等疾病，都能透過完整的疫苗程序大幅降低感染風險。定期追蹤追加疫苗是預防這些高致死率疾病的關鍵。,寵物常見疾病與預防
PC210,日常要怎麼預防寵物生病？,PCA210,日常預防包括均衡飲食、保持運動量、定期驅蟲與疫苗接種、維持口腔與皮膚清潔、提供乾淨飲水與安全環境，並定期健康檢查。最重要的是飼主需細心觀察，當寵物出現食慾、行為或排泄異常時，應立即就醫。,寵物常見疾病與預防
PC211,寵物為什麼需要運動？,PCA211,運動能幫助消耗體力、保持體態、促進心肺與關節健康，同時還能刺激腦部發展，降低焦慮與破壞行為。缺乏運動的寵物容易肥胖，也可能因壓力過大出現吠叫、抓咬家具等問題。,寵物運動與遊戲
PC212,狗狗每天需要多少運動量？,PCA212,依品種與體型而異，小型犬每天至少 20–30 分鐘散步，中大型犬則需要 60 分鐘以上活動，牧羊犬或哈士奇等高能量犬種甚至需要 2 小時以上的戶外活動，才能消耗足夠精力。,寵物運動與遊戲
PC213,貓咪也需要運動嗎？,PCA213,需要。雖然貓咪多數時間在睡覺，但牠們仍需透過遊戲來模擬狩獵行為。每日安排 10–15 分鐘的互動遊戲（逗貓棒、滾動小球）可維持肌肉健康並減少肥胖。,寵物運動與遊戲
PC214,有哪些適合狗狗的遊戲？,PCA214,常見遊戲包括接球、拔河、嗅聞尋找零食、游泳與敏捷訓練。這些遊戲能滿足狗狗的探索慾望與運動需求，同時也能強化飼主與狗狗之間的互動關係。,寵物運動與遊戲
PC215,有哪些適合貓咪的遊戲？,PCA215,逗貓棒、羽毛玩具、滾動小球、隧道、益智餵食器都是貓咪喜歡的遊戲。重要的是模擬「捕獵循環」（潛行→追逐→撲抓→滿足），讓貓咪發洩天性並獲得心理滿足。,寵物運動與遊戲
PC216,下雨天或室內空間有限，怎麼讓狗狗活動？,PCA216,可以利用走廊或客廳進行拔河、藏食遊戲、學習新指令，或使用跑步機讓狗狗運動。還能設計室內障礙路線（如椅子、靠墊）讓狗狗穿越，刺激身體與大腦。,寵物運動與遊戲
PC217,益智玩具對寵物有幫助嗎？,PCA217,有。益智玩具能讓寵物動腦思考，獲得食物獎勵，既能減少無聊，也能改善焦慮行為。尤其對需要長時間獨處的寵物來說，益智玩具是重要的心理刺激來源。,寵物運動與遊戲
PC218,老年寵物適合什麼運動？,PCA218,老年寵物仍需要運動，但強度需降低。散步應改為短距離多次，避免劇烈奔跑與跳躍；游泳是非常好的低衝擊運動，能強化肌肉又不傷關節。,寵物運動與遊戲
PC219,運動過度會有危險嗎？,PCA219,會。若運動過度可能導致中暑、肌肉拉傷、關節損傷或心臟問題。應依寵物的年齡、健康狀況與品種調整運動量，運動中若出現喘不過氣或行動遲緩，應立即休息。,寵物運動與遊戲
PC220,如何透過遊戲增進飼主與寵物的感情？,PCA220,遊戲不僅能消耗體力，更是建立信任的重要方式。透過接球、拔河或逗貓互動，飼主能讓寵物感受到陪伴與快樂；遊戲時應使用正向鼓勵，避免責罵或強迫，讓寵物覺得與主人相處是快樂的事。,寵物運動與遊戲
PC221,狗狗喜歡亂吠叫怎麼辦？,PCA221,先找出吠叫原因，可能是警戒、無聊、焦慮或想要關注。處理方式包括增加日常運動消耗精力、遮蔽窗外刺激、用「安靜」口令搭配獎勵訓練，避免在狗狗吠叫時給予注意或食物，以免強化行為。,寵物常見行為矯正
PC222,貓咪亂抓家具怎麼解決？,PCA222,貓咪抓東西是本能，需要釋放。解決方式是提供合適的抓板或貓樹，並放置在牠常抓的地方，當牠使用時給予獎勵；同時在家具上貼雙面膠或保護膜降低吸引力，逐漸引導到正確位置。,寵物常見行為矯正
PC223,狗狗會撲人，要如何矯正？,PCA223,撲人通常是為了打招呼或博取注意。當狗狗撲人時應立即轉身忽視，不要推開牠，等牠四腳著地再給獎勵。可同時訓練「坐下」作為替代行為，讓牠學會用安靜方式迎接主人。,寵物常見行為矯正
PC224,貓咪咬人怎麼辦？,PCA224,貓咪咬人可能是因為過度刺激或把手當玩具。避免用手直接與貓咪玩耍，改用逗貓棒、玩具分散注意力。若出現咬人傾向，應觀察牠是否有壓力或疼痛，必要時就醫檢查。,寵物常見行為矯正
PC225,狗狗會護食怎麼改善？,PCA225,護食是資源保護本能。矯正方式是逐步建立信任：在牠吃飯時偶爾添加美味食物，讓牠習慣人靠近時有好事發生；避免直接搶食，並訓練「給我」或「放下」口令。嚴重護食應在專業訓練師指導下進行。,寵物常見行為矯正
PC226,寵物會亂尿尿怎麼辦？,PCA226,首先排除是否有泌尿道疾病。若是行為問題，需重新建立定點如廁習慣：在正確位置排泄時給予獎勵，錯誤地點則立即清理氣味，避免殘留。貓咪的話要確保貓砂盆數量足夠且保持乾淨。,寵物常見行為矯正
PC227,狗狗會咬家具或鞋子，該怎麼辦？,PCA227,通常是無聊、長牙或焦慮。應提供適合的咬咬玩具或益智玩具轉移注意力，並增加陪伴與運動時間。若已咬錯物品，應冷靜制止並給予正確替代物。,寵物常見行為矯正
PC228,寵物分離焦慮怎麼解決？,PCA228,分離焦慮表現為獨處時吠叫、破壞或排泄異常。矯正方式是循序漸進練習獨處，先短暫離開幾分鐘，逐步延長時間，並提供安撫玩具或帶有主人味道的物品。必要時可與獸醫討論行為治療或藥物輔助。,寵物常見行為矯正
PC229,貓咪半夜吵鬧怎麼辦？,PCA229,貓咪屬夜行性，但過度吵鬧多與精力過剩或發情有關。解決方式是睡前多陪牠玩耍消耗體力，並提供益智餵食器延長進食時間。若是因發情導致，建議考慮結紮。,寵物常見行為矯正
PC230,狗狗會撿路邊東西吃，如何矯正？,PCA230,這是危險行為，可能誤食毒物。矯正方式是訓練「放下」與「不要碰」口令，在散步時使用短牽繩控制，當狗狗嘗試撿東西時立即制止，並在遵從指令後給予獎勵，以建立良好習慣。,寵物常見行為矯正
PC231,寵物與小孩的相處,PCA231,研究顯示，與寵物共同成長的小孩在情感發展、責任感培養與同理心建立上都有正面影響。同時，與寵物互動能幫助小孩釋放壓力，甚至降低焦慮感與孤獨感。,寵物與小孩的相處
PC232,寵物對小孩會有健康上的風險嗎？,PCA232,可能存在過敏、抓咬傷或人畜共通疾病（如弓形蟲、狂犬病）的風險。只要定期驅蟲、接種疫苗、保持環境清潔並教導小孩正確互動方式，就能大幅降低風險。,寵物與小孩的相處
PC233,小孩應該幾歲開始可以和寵物互動？,PCA233,一般建議三歲以上的小孩比較能理解「溫柔觸摸」與「尊重界限」。年紀更小的孩子也能接觸寵物，但必須全程由大人監護，避免拉尾巴、戳眼睛等可能引起寵物攻擊的行為。,寵物與小孩的相處
PC234,如何教小孩正確對待寵物？,PCA234,要讓小孩學會用輕柔的手勢撫摸，不要大喊大叫或追逐寵物，並理解寵物需要安靜的空間。可以用遊戲方式教導，例如讓小孩當「小飼主」協助準備食物或換水，培養尊重與責任感。,寵物與小孩的相處
PC235,怎麼避免寵物傷害小孩？,PCA235,首先要確保寵物的性情穩定，並進行基礎訓練。避免在寵物進食或睡覺時讓小孩打擾，同時給寵物設置一個「安全空間」，當牠想休息時可以自行退避。,寵物與小孩的相處
PC236,小孩與寵物玩耍時要注意什麼？,PCA236,必須全程由大人監護，避免粗暴的動作或危險玩具。應安排安全的互動方式，例如丟球讓狗狗撿回、使用逗貓棒與貓咪互動，而不是直接用手與寵物接觸過於激烈的遊戲。,寵物與小孩的相處
PC237,小孩若被寵物抓傷或咬傷該怎麼辦？,PCA237,立即用清水和肥皂徹底清洗傷口，並用消毒液處理；若傷口嚴重或寵物疫苗未完整接種，應立即就醫，必要時接種破傷風與狂犬病疫苗。事後也要檢討原因，避免相同情況再發生。,寵物與小孩的相處
PC238,寵物的毛會影響小孩健康嗎？,PCA238,部分小孩可能對寵物毛髮或皮屑過敏，症狀包括打噴嚏、咳嗽或皮膚搔癢。可以透過定期梳毛、清潔家中環境、使用空氣清淨機來降低影響。若症狀嚴重，需考慮醫師建議與生活環境調整。,寵物與小孩的相處
PC239,寵物會影響小孩的免疫力嗎？,PCA239,有研究指出，與寵物共同生活的小孩在早期接觸到一定量的微生物，有助於免疫系統發展，甚至能降低過敏與氣喘的發生率。不過，前提是寵物健康且環境衛生維持良好。,寵物與小孩的相處
PC240,如何讓小孩與寵物建立深厚的情感？,PCA240,透過日常參與照顧，如餵食、梳毛、帶散步，讓小孩感受到自己對寵物的重要性。同時鼓勵小孩用溫柔的語氣與寵物說話，並透過遊戲或訓練建立互信，這樣能讓小孩與寵物之間形成長久的情感連結。,寵物與小孩的相處
PC241,家裡有寵物怎麼保持整潔？,PCA241,應建立固定的清潔習慣，例如每天清理寵物毛髮、每週徹底吸塵，並定期洗滌寵物的床墊、毯子與玩具。使用 HEPA 濾網的吸塵器能有效過濾細小毛屑，搭配空氣清淨機能保持空氣清新。,寵物居家清潔與衛生
PC242,寵物掉毛怎麼處理？,PCA242,每天梳毛能減少散落的毛髮，並促進血液循環。換季掉毛特別嚴重時，可使用專用除毛刷、黏毛滾筒或吸毛機。家具和衣物可用靜電除毛刷或專用洗衣袋處理。,寵物居家清潔與衛生
PC243,家裡有寵物會有異味，怎麼解決？,PCA243,應保持環境通風，定期清洗寵物廁所、籠子與睡墊。使用中性清潔劑或專用除臭噴霧，避免含氨清潔劑以免刺激寵物。貓砂需每日清理，並每週更換整盆。,寵物居家清潔與衛生
PC244,寵物的餐具要多久清洗一次？,PCA244,建議每天清洗一次，並使用溫水與中性洗劑，避免油垢或細菌殘留。水碗應每日更換乾淨水，並同時清潔碗具以防止黴菌或生物膜滋生。,寵物居家清潔與衛生
PC245,寵物上沙發或床會影響衛生嗎？,PCA245,會。寵物毛髮、皮屑和泥土容易殘留在布料上。可使用專用沙發布或毛毯保護，並定期清洗；若希望減少接觸，應建立規矩讓寵物僅使用自己的床墊。,寵物居家清潔與衛生
PC246,如何處理寵物意外排泄？,PCA246,應立即用紙巾或布擦拭，再用酵素型清潔劑分解尿液中的蛋白質，避免殘留氣味吸引寵物再次在相同地點排泄。切勿僅用漂白水，因為寵物仍能嗅出氣味。,寵物居家清潔與衛生
PC247,寵物玩具需要清洗嗎？,PCA247,需要。布製玩具建議每週用溫和洗劑清洗一次，塑膠或橡膠玩具可用清水沖洗並自然晾乾。清潔不僅能減少異味，也能預防細菌滋生。,寵物居家清潔與衛生
PC248,寵物廁所要多久清理一次？,PCA248,狗狗尿墊應每日更換，貓砂則建議每天鏟除排泄物，每週或依產品建議更換整盆。若環境不潔，容易導致寵物抗拒如廁或出現泌尿道疾病。,寵物居家清潔與衛生
PC249,如何減少家中過敏源？,PCA249,除了定期清潔毛髮外，建議使用 HEPA 空氣清淨機、每週清洗床單被套、避免讓寵物進入臥室。對過敏體質的飼主，可以與醫師討論是否需要額外過敏治療。,寵物居家清潔與衛生
PC250,有哪些清潔用品對寵物安全？,PCA250,選擇中性或專為寵物設計的清潔劑，避免含有氨水、氯、苯酚等強烈化學成分，因為這些成分對寵物的皮膚、呼吸道甚至肝腎有潛在危害。建議清潔後徹底沖洗乾淨並保持通風。,寵物居家清潔與衛生
PC251,寵物誤食塑膠、布料或玩具怎麼辦？,PCA251,不要嘗試用手硬拉，因為可能造成喉嚨或腸道受傷。應立即觀察是否有嘔吐、腹痛、食慾不振或便秘等症狀，並盡快送醫做 X 光或超音波檢查。異物可能需要內視鏡或手術移除，延誤會導致腸阻塞甚至腸穿孔。,寵物緊急狀況處理
PC252,寵物跌落高處後該怎麼處理？,PCA252,跌落後可能造成骨折、內出血或胸腔損傷。應避免隨意搬動，若必須移動，盡量保持身體平直並用硬板托運。送醫前觀察是否有呼吸急促、牙齦蒼白或失去意識，這些都是危險徵兆。,寵物緊急狀況處理
PC253,寵物被其他動物咬傷怎麼辦？,PCA253,動物咬傷容易引起深層感染。應立即用清水或生理食鹽水沖洗傷口，避免使用雙氧水過度刺激，並用紗布包紮止血。即使傷口不大，也應就醫，因為咬傷常伴隱藏性膿腫或破傷風風險。,寵物緊急狀況處理
PC254,寵物指甲折斷或出血怎麼辦？,PCA254,若斷裂導致出血，可用止血粉或麵粉輕壓止血，再用紗布包覆。避免讓寵物舔咬傷口，以免感染。若斷裂處過深或反覆出血，應由獸醫修整並處理，避免甲床感染,寵物緊急狀況處理
PC255,寵物眼睛突然紅腫流淚怎麼辦？,PCA255,可能是異物、角膜潰瘍或急性青光眼。可先用生理食鹽水輕柔沖洗異物，但若眼睛持續紅腫或分泌物增多，應立即送醫，因為角膜潰瘍惡化很快，延誤可能導致永久失明。,寵物緊急狀況處理
PC256,寵物耳朵突然流膿或甩頭不停怎麼處理？,PCA256,這可能是耳炎或耳血腫。不要自行用棉花棒深入耳道，以免推擠更深。可先用濕布清理外耳分泌物，並戴上頭套防止抓耳，接著送醫檢查耳道，必要時做耳鏡檢查與藥物治療。,寵物緊急狀況處理
PC257,寵物被蜜蜂或昆蟲螫到怎麼辦？,PCA257,若有毒針殘留，用鑷子或信用卡邊緣輕輕刮除，再用冷敷減輕腫脹。若寵物出現呼吸困難、臉部快速腫脹、全身無力，可能是過敏性休克，應立即送醫。,寵物緊急狀況處理
PC258,寵物抽筋但不是癲癇怎麼處理？,PCA258,抽筋可能來自電解質不平衡、肌肉痙攣或中毒。應先讓寵物安靜休息，避免觸碰抽搐部位，以免受傷。觀察是否伴隨嘔吐、虛弱或失去意識，並盡快就醫做血液檢查，確認是否需要補液或矯正電解質。,寵物緊急狀況處理
PC259,寵物尾巴或四肢被夾傷怎麼辦？,PCA259,夾傷可能造成骨折或神經損傷。應先檢查是否有出血，若有則加壓止血，再輕輕固定患肢，避免寵物自行舔咬。即使外表無明顯出血，也可能有骨折或神經受損，仍需送醫做影像學檢查。,寵物緊急狀況處理
PC260,寵物突然呼吸困難該怎麼辦？,PCA260,呼吸困難可能來自哽塞、哮喘、胸腔積液或心臟病。此時不要強迫餵食或灌水，應保持安靜與通風，避免過度搬動，盡快送往動物醫院。若寵物完全無法呼吸，可在送醫途中依照正確方式實施 CPR。,寵物緊急狀況處理
PC261,多久要幫寵物梳毛？,PCA261,短毛犬貓可每週 2–3 次，長毛品種則最好每天梳理。梳毛能減少掉毛、避免毛球或毛打結，並促進血液循環。建議使用適合毛長的梳子，例如針梳、排梳或脫毛梳。,寵物日常照護小技巧
PC262,幫寵物洗澡的頻率應該多久一次？,PCA262,狗狗一般建議每 3–4 週洗一次，長毛或有皮膚問題的狗可能需要更頻繁；貓咪通常不需要定期洗澡，除非特別髒或有皮膚病。洗澡時應使用專用寵物沐浴乳，避免用人類洗髮精。,寵物日常照護小技巧
PC263,指甲要多久修剪一次？,PCA263,平均每 3–4 週修剪一次，觀察指甲是否過長以致走路時會發出「喀喀」聲或卡到地板。修剪時要避開血線（粉紅色區域），若不小心剪到出血，可用止血粉或玉米粉止血。,寵物日常照護小技巧
PC264,耳朵需要清潔嗎？,PCA264,需要。建議每 2–4 週檢查一次耳朵，若有耳垢或異味，可用專用耳液滴入後輕柔按摩耳根，再用棉球擦拭外耳。不要用棉花棒深入耳道，以免推擠耳垢或傷害耳膜。,寵物日常照護小技巧
PC265,寵物的牙齒要怎麼保養？,PCA265,最有效的方法是刷牙，建議每週至少 2–3 次，使用寵物專用牙刷與牙膏。可搭配潔牙零食或潔牙玩具減少牙垢。定期獸醫洗牙能有效預防牙周病與口臭。,寵物日常照護小技巧
PC266,寵物的眼睛需要特別照護嗎？,PCA266,應定期檢查是否有分泌物或紅腫。輕微分泌物可用溫水或無刺激的眼部清潔液擦拭。淚痕可用專用濕紙巾清理。若出現大量分泌物或持續紅腫，應盡快就醫。,寵物日常照護小技巧
PC267,如何保持寵物的腳掌清潔？,PCA267,外出回家後，應用濕紙巾或溫水擦拭腳掌，保持乾淨，避免泥土與細菌殘留。若腳毛過長，可修剪腳墊周圍毛髮以減少打滑與細菌滋生。,寵物日常照護小技巧
PC268,寵物的床墊多久要清洗一次？,PCA268,建議至少每 1–2 週清洗一次，使用中性洗劑或專用清潔劑，並徹底晾乾避免黴菌滋生。若寵物有皮膚病，建議更頻繁更換與消毒。,寵物日常照護小技巧
PC269,怎麼正確清潔寵物的用品？,PCA269,食盆和水碗應每天清洗，玩具則依材質分別清潔（布製可機洗、橡膠製可溫水清洗）。建議使用中性清潔劑或寵物專用產品，避免殘留化學物質。,寵物日常照護小技巧
PC270,日常照護有哪些小秘訣？,PCA270,建立固定的清潔習慣，例如「每天梳毛＋清理水碗、每週修剪指甲或檢查耳朵、每月洗澡或全面清潔用品」。透過日常小動作，不僅能保持寵物健康，也能增進飼主與寵物的互動關係。,寵物日常照護小技巧
PC271,貓咪都會喝牛奶嗎？,PCA271,這是迷思。許多成年貓咪缺乏乳糖酶，喝牛奶會造成腹瀉與腸胃不適。若要補充，可以選擇市售專為貓咪設計的低乳糖或無乳糖寵物奶粉。,寵物飼養常見迷思破解
PC272,狗狗吃大蒜能驅蟲嗎？,PCA272,錯誤。大蒜對狗狗（以及貓咪）有毒，會破壞紅血球造成貧血。驅蟲應使用獸醫推薦的專用藥物，而不是人類的食材或偏方。,寵物飼養常見迷思破解
PC273,貓咪摔下來總是能四腳著地嗎？,PCA273,雖然貓咪有「翻正反射」，通常能在空中扭轉身體，但並非每次都能完美落地。若高度過低或過高，都可能造成骨折或內臟傷害，因此家中陽台與窗戶必須加裝防護網。,寵物飼養常見迷思破解
PC274,狗狗流鼻子濕就是健康的嗎？,PCA274,鼻子濕潤不一定代表健康，乾燥也不一定表示生病。狗狗健康與否應觀察精神、食慾、排泄與體溫，而不是僅靠鼻子的濕潤程度來判斷。,寵物飼養常見迷思破解
PC275,貓咪懷孕一定要生小貓嗎？,PCA275,錯誤。很多飼主以為懷孕後貓咪必須繁殖，但事實上貓咪可以透過結紮避免懷孕，既能降低流浪貓數量，也能減少子宮蓄膿與乳腺腫瘤的風險。,寵物飼養常見迷思破解
PC276,小型犬不需要運動嗎？,PCA276,錯誤。雖然小型犬活動量較低，但仍需要每日散步與遊戲來維持心理與身體健康。缺乏運動會導致肥胖與行為問題。,寵物飼養常見迷思破解
PC277,寵物吃骨頭對牙齒有好處嗎？,PCA277,部分骨頭（特別是熟骨頭）容易碎裂，會刮傷口腔、刺穿腸胃，甚至造成腸阻塞。若要幫助清潔牙齒，應選擇專業潔牙骨或潔牙玩具，而非隨意餵食骨頭。,寵物飼養常見迷思破解
PC278,狗狗舔傷口能幫助傷口癒合嗎？,PCA278,雖然狗狗唾液含有少量抗菌物質，但過度舔舐反而會導致感染或延遲癒合。若寵物受傷，應清潔傷口並包紮，必要時戴上伊莉莎白頭套避免舔咬。,寵物飼養常見迷思破解
PC279,貓咪養在家裡就不需要打疫苗嗎？,PCA279,錯誤。即使是室內貓，也可能透過人類衣物鞋子帶入病菌，或在緊急外出時暴露於風險環境。疫苗能預防致命疾病（如貓瘟），因此即使是室內貓也需要定期接種。,寵物飼養常見迷思破解
PC280,寵物年紀大了就不用看醫生了嗎？,PCA280,完全錯誤。老年寵物更需要定期健康檢查，因為腎臟病、心臟病與腫瘤在早期常沒有明顯症狀。透過半年一次的檢查能提早發現並治療，延長壽命與生活品質。,寵物飼養常見迷思破解
PC281,外出旅行前要先做哪些準備？,PCA281,應先確認寵物已完成疫苗與驅蟲，攜帶健康證明、醫療記錄與常用藥物。準備運輸籠、牽繩、食物、水與便用品，並在出發前讓寵物適應運輸工具，降低不安。,寵物旅行與外出安全
PC282,如何選擇安全的運輸籠？,PCA282,運輸籠應堅固耐用、透氣良好，大小需讓寵物能站立、轉身與躺下。車用或飛機用運輸籠應符合 IATA 標準，門鎖牢固，內部可放置吸水墊與熟悉的毯子，增加安全感。,寵物旅行與外出安全
PC283,帶寵物搭車時要注意什麼？,PCA283,切勿讓寵物自由在車內走動，避免干擾駕駛或發生意外。應使用安全帶專用胸背帶或固定的運輸籠，並保持車內通風，避免中暑。長途行駛要定時休息，讓寵物喝水與排泄。,寵物旅行與外出安全
PC284,散步時有哪些潛在危險？,PCA284,常見危險包括車輛、噪音、陌生動物或有毒植物。飼主應全程使用牽繩，避免讓寵物隨意亂跑；在不熟悉的區域散步時，建議避開草叢與垃圾區，以防誤食異物或被寄生蟲叮咬。,寵物旅行與外出安全
PC285,帶寵物去公園或寵物友善場所要注意什麼？,PCA285,要確認是否有寵物活動區，並遵守當地規範。應攜帶拾便袋，隨時清理排泄物。與其他寵物互動時，要觀察牠們的肢體語言，避免衝突。若寵物有攻擊傾向，應戴上口罩或避免進入人群密集區。,寵物旅行與外出安全
PC286,寵物在外住宿時怎麼確保安全？,PCA286,進入住處後，先檢查房間是否有危險物品（如電線、清潔劑、窗戶縫隙），並為寵物設置專屬休息區。可攜帶牠熟悉的毯子或玩具，降低焦慮。若需單獨留在房間，最好使用運輸籠或寵物圍欄確保安全。,寵物旅行與外出安全
PC287,寵物在外出時走失怎麼辦？,PCA287,應立即尋找並呼喊牠的名字，同時聯絡當地的動物醫院、收容所與警察。若寵物有晶片或名牌，能大幅增加找回機率。平時可在項圈上附上主人的電話號碼，並考慮使用 GPS 定位項圈。,寵物旅行與外出安全
PC288,外出時如何避免寵物中暑？,PCA288,應避免在正午高溫時段散步，選擇早晨或傍晚外出。攜帶水瓶與便攜水碗，讓寵物隨時補水；停留在陰涼處休息，避免在高溫柏油路上行走，以免燙傷腳墊。,寵物旅行與外出安全
PC289,搭飛機時如何減輕寵物的壓力？,PCA289,出發前先讓寵物熟悉航空箱，放置熟悉的毯子與玩具。起飛前避免餵食大量食物，僅給少量水。若寵物極度緊張，可諮詢獸醫使用天然鎮定劑或藥物，但需在專業指導下使用。,寵物旅行與外出安全
PC290,帶寵物旅行有哪些保險可以考慮？,PCA290,市面上有寵物醫療險與旅行險，可涵蓋突發疾病、意外受傷或走失協尋等保障。若計畫長途旅行，建議提前為寵物投保，確保在外地也能獲得即時醫療與安全保障。,寵物旅行與外出安全
PC291,為什麼要訓練寵物？,PCA291,訓練不只是讓寵物聽話，更能增進飼主與寵物的溝通，避免危險行為（如亂跑、咬人），並提供心理刺激。良好的訓練能讓生活更有秩序，也能提升寵物的安全與幸福感。,寵物訓練基礎入門
PC292,什麼是「正向強化」訓練？,PCA292,正向強化是當寵物表現正確行為時，立即給予獎勵（零食、撫摸或口頭稱讚），讓牠將行為與好結果連結，進而增加該行為的出現頻率。這是目前最科學且有效的訓練方法。,寵物訓練基礎入門
PC293,如何教狗狗「坐下」？,PCA293,先拿零食在狗狗鼻子前，慢慢往上移動，當牠自然坐下時立即獎勵，並同時說出口令「坐下」。重複練習數次，狗狗就能將動作與口令建立連結。,寵物訓練基礎入門
PC294,如何教狗狗「等待」？,PCA294,讓狗狗坐下後舉起手掌，清楚說「等」。若狗狗保持不動幾秒，就給獎勵。逐步延長時間與距離，並在結束時加上「好」或「來」解除口令。這能幫助建立自控力。,寵物訓練基礎入門
PC295,如何訓練狗狗定點如廁？,PCA295,應在固定時間帶狗狗到指定位置排泄，並在完成後立即獎勵。若在錯誤地點排泄，要立即清理並去除氣味，避免牠再次在同處如廁。幼犬需更頻繁帶去，建立習慣後就能逐漸穩定。,寵物訓練基礎入門
PC296,貓咪能被訓練嗎？,PCA296,能。雖然貓咪不像狗狗那樣追求主人的指令，但透過零食與玩具獎勵，也能學會簡單指令（如「過來」、「高五」）。關鍵是使用短時間、多次練習，避免強迫。,寵物訓練基礎入門
PC297,如何讓寵物學會「過來」？,PCA297,在家中短距離開始，蹲下呼喚名字並說「過來」，當牠靠近就立即給獎勵。可逐漸增加距離與干擾環境，最終達到在戶外也能可靠回應，這是確保安全的重要訓練。,寵物訓練基礎入門
PC298,如何讓寵物適應牽繩？,PCA298,應先在家中或安靜環境讓牠熟悉胸背帶與牽繩，當牠冷靜走在旁邊時給予獎勵。若拉扯，應立刻停下不前進，等牠鬆開後再繼續走，讓牠明白拉扯無法達到目的。,寵物訓練基礎入門
PC299,寵物咬東西怎麼糾正？,PCA299,不要責罵，而是提供正確的替代品（咬咬玩具）。若咬到不該咬的東西，應立即制止並引導到玩具上，當牠選擇正確物品時給獎勵，逐步建立好習慣。,寵物訓練基礎入門
PC300,訓練過程中常見的錯誤有哪些？,PCA300,常見錯誤包括訓練時間過長導致寵物失去專注、口令不一致（家人用不同詞）、責罵或體罰、沒有即時獎勵。訓練應簡短（5–10 分鐘）、一致且愉快，讓寵物覺得學習是快樂的事。,寵物訓練基礎入門
PC301,寵物一定需要吃保健品嗎？,PCA301,如果寵物食用的是完整均衡的商業飼料，一般不需要額外補充。但在特定情況下（如老年寵物、慢性病、挑食或鮮食飼養），可能會需要額外的營養補充劑來支持健康。是否需要，應依照獸醫評估決定。,寵物營養補充與保健品
PC302,哪些寵物適合補充魚油？,PCA302,魚油含有 Omega-3 脂肪酸（EPA、DHA），能改善皮膚過敏、降低發炎、幫助心血管與腎臟健康，對皮膚癢、毛髮乾燥或老年寵物特別有益。但劑量過高可能引起腹瀉或出血傾向，需依體重精準計算。,寵物營養補充與保健品
PC303,益生菌對寵物有什麼幫助？,PCA303,益生菌能幫助維持腸道菌叢平衡，改善腹瀉、便秘與腸胃敏感，特別適合換糧、壓力大或使用抗生素後的寵物。選擇時應挑選專為犬貓設計的菌株，避免使用人用益生菌，因為效果與安全性未必相同。,寵物營養補充與保健品
PC304,葡萄糖胺與軟骨素適合哪些寵物？,PCA304,這些成分主要用於保護關節，能減緩關節炎退化並維持活動力。適合年長犬、體型較大的狗或有關節病史的品種（如黃金獵犬、哈士奇）。貓咪若有關節問題，也可在獸醫建議下補充。,寵物營養補充與保健品
PC305,寵物需要補充維生素嗎？,PCA305,若以均衡飼料為主，一般不需要額外補充。過量補充反而可能造成中毒（如維生素 D 或鈣質過多會導致腎臟受損）。鮮食或自製餐則需在專業營養師指導下正確添加維生素與礦物質。,寵物營養補充與保健品
PC306,益智腦部保健品真的有效嗎？,PCA306,針對老年犬貓，市面上有含抗氧化物質（如維生素 E、C、DHA、磷脂酰絲胺酸）的腦部保健品。這些成分能延緩認知功能退化，但效果因個體差異而異，通常作為輔助支持而非治療。,寵物營養補充與保健品
PC307,毛髮專用保健品有什麼作用？,PCA307,多數含有生物素、鋅與 Omega-3，能幫助改善掉毛、皮膚乾燥與毛髮黯淡。若掉毛原因是疾病或營養不良，單靠保健品無法根治，仍需先排除病因。,寵物營養補充與保健品
PC308,免疫力保健品適合哪些寵物？,PCA308,含有β-葡聚糖、牛初乳或特定維生素的免疫保健品，可幫助免疫功能較弱的寵物（如幼犬幼貓、老年寵物或術後康復期）。但應配合良好營養與醫療照護，不能取代疫苗或藥物治療。,寵物營養補充與保健品
PC309,寵物補鈣需要注意什麼？,PCA309,若食用完整飼料，一般不需額外補鈣。過量補鈣可能導致骨骼變形、腎臟負擔甚至泌尿結石。只有在特定需求（如成長期、大型犬、哺乳期）或自製餐時，才需要在獸醫建議下補充。,寵物營養補充與保健品
PC310,如何正確選擇寵物保健品？,PCA310,應優先選擇有獸醫推薦或經過動物實驗驗證的品牌，避免購買無標示來源或劑量的產品。要注意成分含量是否符合寵物需求，並依照體重計算正確劑量，切勿自行以人用保健品替代。,寵物營養補充與保健品
